Metric,Value
MAE,798.5512012946871
MSE,1682167.4683429615
RMSE,1296.983989239251
R2,0.9594937890480146
