Metric,Value
MAE,771.7399246895263
MSE,1308968.9619176409
RMSE,1144.1018144892703
R2,0.968813367864735
